"chainId","address","location"
"1","0x87870Bca3F3fD6335C3F4ce8392D69350B4fA4E2","log-address"
"10","0x794a61358D6845594F94dc1DB02A252b5b4814aD","log-address"
"42161","0x794a61358D6845594F94dc1DB02A252b5b4814aD","log-address"
"137","0x794a61358D6845594F94dc1DB02A252b5b4814aD","log-address"
"250","0x794a61358D6845594F94dc1DB02A252b5b4814aD","log-address"
"43114","0x794a61358D6845594F94dc1DB02A252b5b4814aD","log-address"
"1666600000","0x794a61358D6845594F94dc1DB02A252b5b4814aD","log-address"
"1088","0x90df02551bB792286e8D4f13E0e357b4Bf1D6a57","log-address"
"8453","0xA238Dd80C259a72e81d7e4664a9801593F98d1c5","log-address"
"100","0xb50201558B00496A145fE76f7424749556E326D8","log-address"
"56","0x6807dc923806fE8Fd134338EABCA509979a7e0cB","log-address"
"534352","0x11fCfe756c05AD438e312a7fd934381537D3cFfe","log-address"
